{
	"partitions" : [
		{
			"name" : "Top",
			"pins" : [
				{
					"name" : "oALUOut[0]",
					"strict" : false
				},
				{
					"name" : "oALUOut[1]",
					"strict" : false
				},
				{
					"name" : "oALUOut[2]",
					"strict" : false
				},
				{
					"name" : "oALUOut[3]",
					"strict" : false
				},
				{
					"name" : "oALUOut[4]",
					"strict" : false
				},
				{
					"name" : "oALUOut[5]",
					"strict" : false
				},
				{
					"name" : "oALUOut[6]",
					"strict" : false
				},
				{
					"name" : "oALUOut[7]",
					"strict" : false
				},
				{
					"name" : "oALUOut[8]",
					"strict" : false
				},
				{
					"name" : "oALUOut[9]",
					"strict" : false
				},
				{
					"name" : "oALUOut[10]",
					"strict" : false
				},
				{
					"name" : "oALUOut[11]",
					"strict" : false
				},
				{
					"name" : "oALUOut[12]",
					"strict" : false
				},
				{
					"name" : "oALUOut[13]",
					"strict" : false
				},
				{
					"name" : "oALUOut[14]",
					"strict" : false
				},
				{
					"name" : "oALUOut[15]",
					"strict" : false
				},
				{
					"name" : "oALUOut[16]",
					"strict" : false
				},
				{
					"name" : "oALUOut[17]",
					"strict" : false
				},
				{
					"name" : "oALUOut[18]",
					"strict" : false
				},
				{
					"name" : "oALUOut[19]",
					"strict" : false
				},
				{
					"name" : "oALUOut[20]",
					"strict" : false
				},
				{
					"name" : "oALUOut[21]",
					"strict" : false
				},
				{
					"name" : "oALUOut[22]",
					"strict" : false
				},
				{
					"name" : "oALUOut[23]",
					"strict" : false
				},
				{
					"name" : "oALUOut[24]",
					"strict" : false
				},
				{
					"name" : "oALUOut[25]",
					"strict" : false
				},
				{
					"name" : "oALUOut[26]",
					"strict" : false
				},
				{
					"name" : "oALUOut[27]",
					"strict" : false
				},
				{
					"name" : "oALUOut[28]",
					"strict" : false
				},
				{
					"name" : "oALUOut[29]",
					"strict" : false
				},
				{
					"name" : "oALUOut[30]",
					"strict" : false
				},
				{
					"name" : "oALUOut[31]",
					"strict" : false
				},
				{
					"name" : "iCLK",
					"strict" : false
				},
				{
					"name" : "iInstLd",
					"strict" : false
				},
				{
					"name" : "iInstExt[23]",
					"strict" : false
				},
				{
					"name" : "iInstAddr[2]",
					"strict" : false
				},
				{
					"name" : "iRST",
					"strict" : false
				},
				{
					"name" : "iInstAddr[3]",
					"strict" : false
				},
				{
					"name" : "iInstAddr[4]",
					"strict" : false
				},
				{
					"name" : "iInstAddr[5]",
					"strict" : false
				},
				{
					"name" : "iInstAddr[6]",
					"strict" : false
				},
				{
					"name" : "iInstAddr[7]",
					"strict" : false
				},
				{
					"name" : "iInstAddr[8]",
					"strict" : false
				},
				{
					"name" : "iInstAddr[9]",
					"strict" : false
				},
				{
					"name" : "iInstAddr[10]",
					"strict" : false
				},
				{
					"name" : "iInstAddr[11]",
					"strict" : false
				},
				{
					"name" : "iInstExt[24]",
					"strict" : false
				},
				{
					"name" : "iInstExt[22]",
					"strict" : false
				},
				{
					"name" : "iInstExt[21]",
					"strict" : false
				},
				{
					"name" : "iInstExt[25]",
					"strict" : false
				},
				{
					"name" : "iInstExt[15]",
					"strict" : false
				},
				{
					"name" : "iInstExt[18]",
					"strict" : false
				},
				{
					"name" : "iInstExt[19]",
					"strict" : false
				},
				{
					"name" : "iInstExt[17]",
					"strict" : false
				},
				{
					"name" : "iInstExt[16]",
					"strict" : false
				},
				{
					"name" : "iInstExt[20]",
					"strict" : false
				},
				{
					"name" : "iInstExt[29]",
					"strict" : false
				},
				{
					"name" : "iInstExt[31]",
					"strict" : false
				},
				{
					"name" : "iInstExt[0]",
					"strict" : false
				},
				{
					"name" : "iInstExt[1]",
					"strict" : false
				},
				{
					"name" : "iInstExt[2]",
					"strict" : false
				},
				{
					"name" : "iInstExt[3]",
					"strict" : false
				},
				{
					"name" : "iInstExt[5]",
					"strict" : false
				},
				{
					"name" : "iInstExt[4]",
					"strict" : false
				},
				{
					"name" : "iInstExt[14]",
					"strict" : false
				},
				{
					"name" : "iInstExt[13]",
					"strict" : false
				},
				{
					"name" : "iInstExt[12]",
					"strict" : false
				},
				{
					"name" : "iInstExt[11]",
					"strict" : false
				},
				{
					"name" : "iInstExt[10]",
					"strict" : false
				},
				{
					"name" : "iInstExt[9]",
					"strict" : false
				},
				{
					"name" : "iInstExt[8]",
					"strict" : false
				},
				{
					"name" : "iInstExt[7]",
					"strict" : false
				},
				{
					"name" : "iInstExt[6]",
					"strict" : false
				},
				{
					"name" : "iInstExt[28]",
					"strict" : false
				},
				{
					"name" : "iInstExt[26]",
					"strict" : false
				},
				{
					"name" : "iInstExt[27]",
					"strict" : false
				},
				{
					"name" : "iInstExt[30]",
					"strict" : false
				}
			]
		}
	]
}